nombre,subsector,marge_ebitda,marge_ebit,marge_net,roa,ratio_personal,productivitat,cost_empleat,cagr,break_flag
Mercadona Sa,Alimentació,6.970383826153285,4.893886949957765,4.063224193710817,9.386382101731186,12.578087771874044,313213.2018907138,39396.231446911035,8.419336983352977,False
Centros Comerciales Carrefour Sa,Alimentació,2.1651369896057004,1.0526756794042893,3.034752897344337,8.462179531619448,9.312328768282702,296099.9937347284,27573.80489944239,2.7169961316072966,False
Lidl Supermercados Sau,Alimentació,,,,,,,,,False
Alcampo Sa,Alimentació,2.998748763404195,0.1867514174279353,-0.2196223536639864,-0.6787306834531907,11.591916772300758,239666.31451856325,27781.919710232418,9.208727989095644,False
Dia Retail España Sa,Alimentació,5.557209516471582,2.954749688843041,1.9777202692643288,7.086235848190274,9.720934713446121,337763.25552635646,32833.74555572731,3.071933860849163,False
Consum S Coop V,Alimentació,5.37723984908804,2.5831028496819384,2.4869805821576474,7.0297545307814975,15.671179454551904,194491.00863527108,30479.03498620137,9.044554379114622,False
Leroy Merlin España Sl,Bricolatge i ferreteria,4.414384857208529,3.3324494262099895,3.2417224765256436,8.163375916783346,15.325707817831985,234430.4935636199,35928.132479461805,11.390247239770357,False
Mango Mng S.A.,Moda i tèxtil,12.831469151348019,10.74105800248856,8.369509870360886,8.464405892779995,10.489294652582233,396904.5716822015,41632.49001331558,14.591914235312299,False
Bon Preu Sau,Alimentació,4.545311508922705,2.1413051349391132,1.815023295825708,6.907014357090607,11.04285453767198,271973.2934625696,30033.615178387296,10.204200473083546,False
Media Markt Saturn Sau,Electrodomèstics,2.080976595534371,1.2631068616175865,1.971187262397683,5.134183070906364,6.947833004109157,426682.51046025107,29645.18828451883,,True
"Ahorramas, Sa",Alimentació,9.698197555357298,6.981135048955016,5.5392756426139345,9.302975296415807,15.641046743438592,186995.90700720367,29248.117223313686,6.056516937383694,False
"Eroski, S.Coop.",Alimentació,,,,,,,,,False
Ikea Iberica Sau,Mobles i llar,8.68723235681297,5.970942946888456,6.84579103870715,12.138880686378055,13.241540521363692,204769.56066945606,27114.644351464434,7.341622577465712,False
Bricolaje Bricoman Slu,Bricolatge i ferreteria,8.719504115344971,8.106627743605461,7.146953774818762,15.393480820785207,9.612367580165019,320199.83805668016,30778.785425101214,19.66157654714362,False
Decathlon España Sau,Esports,5.998340357259938,4.723772619472967,3.7594012657275355,11.987489681000289,14.177106086110939,175152.90322580645,24831.612903225807,5.142930899413911,False
Primark Tiendas Slu,Moda i tèxtil,4.09970779131524,2.3117420887773217,2.17105500757069,3.1281211701349356,11.297226523988764,262847.9739302919,29694.531028620007,12.485783064368118,False
Bershka Bsk España Sa,Moda i tèxtil,9.292296500109181,8.263372955850418,6.858559073735054,19.668810178985733,7.626018475811145,559658.2641991066,42679.64262922783,11.542145376244783,False
Stradivarius España Sa,Moda i tèxtil,13.083584891184524,12.058336424326994,9.106326913103947,29.15819318612104,9.747446108549545,392024.19719583896,38212.3473541384,17.676036724794074,False
Dinosol Supermercados Sl,Alimentació,7.844261358140843,5.379161574151419,4.617995410141653,9.735914252770435,12.615955473098332,173226.54346060113,21854.183590576766,9.49157027373888,False
Vego Supermercados Sa,Alimentació,5.0817398092254304,3.6916751716153597,2.867552236208138,14.168026659109342,11.766431692735322,232169.6004898209,27318.077452931273,8.47983269672552,False
Tendam Retail Sa.,Moda i tèxtil,,,,,,,,,False
Alimerka S.A.,Alimentació,5.286066427551362,2.804341780921992,2.4030145495850044,5.010810810810811,16.01997916774677,138019.8406244918,22110.749715400878,4.331291815419269,False
Caprabo Sa,Alim. especialitzada,1.4718972241339758,-2.7935633992068953,-2.9287189066955066,-8.847780629217755,15.475108969947234,167322.87782408422,25893.397674928714,-2.3284343235047467,False
Sprinter Megacentros Del Deporte Sl,Esports,9.115800495988244,6.523961277133066,4.968535104147265,8.750419712271096,18.449530776349192,83348.12370125901,15377.337733773378,13.309137993227349,False
Distribucion Supermercados Sl,Alimentació,6.3129005433137735,3.83184600330866,2.440210508375965,8.275618092855932,14.62730555743288,231509.52380952382,33863.60544217687,5.86071805719488,False
Casa Ametller Sl,Alimentació,6.835834895255899,4.760673689932269,3.939690731046049,11.707896045821,14.813157602544152,199544.64285714287,29558.862433862432,,False
Supermercados Champion Sa,Alimentació,8.929313441638518,7.197000160849284,5.973372741407967,12.032346359853253,13.87174280199453,188097.06901985503,26092.341632524425,3.935047071941944,False
Apple Retail Spain Sl,Informàtica/electrònica,4.512042917330354,3.202940223274929,2.7107769112485602,8.760299270764277,11.797094254014882,541130.5970149253,63837.68656716418,11.701908272933203,False
Pc Componentes Y Multimedia Slu,Informàtica/electrònica,2.636337747401395,1.827210593763349,1.854442545920547,4.842375315458513,3.5266267976648153,996170.2127659575,35131.205673758865,-3.505727157222538,False
Aldi Masquefa Supermercados Sl,Alimentació,0.5126191155007336,-1.6534090587255703,-1.4861234099838945,-5.69903917863168,7.785391016043184,351915.6146179402,27398.00664451827,5.659185109791731,False
Familycash Sl,Alimentació,,,,,,,,,False
Hennes And Mauritz Slu,Moda i tèxtil,6.475151983016501,3.5086364952233913,2.9892888159799282,6.460183265835562,25.01669400752678,175287.550744249,43851.150202977,5.994727533404665,False
Jd Spain Sports Fashion 2010 Sl.,Esports,5.526611984660282,3.951078250984568,3.0039158067842533,9.910243772281557,14.01625183377928,155147.7866852562,21745.904496340187,30.385617467655756,False
Joyeria Tous Sa,Joieria,17.60456928326679,13.549141726545752,10.870913502920653,11.955712666602693,13.010996370702443,247114.80186480188,32152.097902097903,16.64706261137805,False
Euro Depot España S.A.U.,No especialitzat,0.7343438760141864,-0.6114269056988777,-0.7326434436185202,-1.2917539328681993,14.729874168002722,234163.82252559726,34492.03640500569,6.570242800031578,False
Fragadis Sl,Alimentació,7.004513672870087,4.596112045592449,3.8467348197987152,9.785851059672524,12.95933598060375,184415.01416430596,23898.961284230405,4.960759113309532,False
Franchising Calzedonia España Sa,Moda i tèxtil,5.7066521479228,2.0703242301183487,1.400703298430348,2.7847522122906274,17.089646694974476,142814.02805611223,24406.412825651303,15.213754180756677,False
Primaprix Sl.,Alimentació,6.9591268011444845,5.358395889481116,3.837572640074695,8.587726325909308,12.60192523048635,185719.68085106384,23404.255319148935,39.70061598166647,False
Sephora Cosmeticos España Sl,Cosmètica i perfumeria,11.4331968036224,10.12896275964482,7.27796678250391,21.29912459591597,9.933297222949165,329280.5611222445,32708.416833667336,31.581482811117255,False
Grandes Almacenes Fnac España Sa,Llibres i cultura,-1.2178286320830713,-3.1038044903284505,-3.7883789768975857,-9.208394443633907,12.078775031827817,220436.6295264624,26626.044568245125,-2.182868920283698,False
Hijos De Luis Rodriguez Sa,Alimentació,5.2539879571512,3.725177978243735,3.0710221742862522,9.335350948667209,13.187781007782858,180311.27733026468,23779.056386651322,5.769922470625777,False
Game Stores Iberia Sl,Informàtica/electrònica,2.2951092587968183,2.1050939599819745,1.5416498035264772,8.44815653705801,9.74560338468339,324388.2681564246,31613.594040968343,,True
Conforama España Sa,Mobles i llar,-1.7406550046981484,-3.866882193477314,-4.6841080178133625,-7.206553527118044,14.138366772390007,220276.76447264076,31143.53687549564,-3.566317857244272,False
Arenal Perfumerias Sl,Cosmètica i perfumeria,9.538525850614352,7.26400023887371,5.456398083038474,10.071996968548692,10.526865827622759,219429.97542997543,23099.099099099098,21.6270169893763,False
Dismoda -Comercio Y Distribucion Sl,Moda i tèxtil,4.194342625066303,2.715476633442322,1.7001417114627948,6.5957185417242545,16.41952926460459,140582.081246522,23082.91597106288,29.072261041493654,False
Rosa-Crema Sl,Cosmètica i perfumeria,3.2441070073514355,2.4808585641614505,1.8300296707311685,11.945383546924548,2.0725346994985285,1121923.4234234234,23252.252252252252,23.416571720715517,False
General Optica Sa,Òptica,10.104520443356238,6.9061597732318845,5.317291068811486,11.813103791150407,35.39214911934286,115801.82926829268,40984.756097560974,8.116337270257379,False
Tiendanimal Comercio Electronico De Articulos Para Mascotas Sl,Mascotes,8.866959395228827,5.01788058485356,3.27644742202707,10.136687020334994,9.382101308225069,218939.54410307235,20541.12983151635,11.42883760727682,False
Kiabi España Ksce Sa,Moda i tèxtil,,,,,,,,,False
Kave Home Sl,Mobles i llar,3.7711981439540407,2.853118267690438,1.6439264210351876,5.909334604157979,8.202507871623489,637429.5774647887,52285.211267605635,54.278827683757356,False
La Sirena Alimentacion Congelada Sau,Alimentació,4.0385021272814114,-0.13219137756745647,2.199486786416503,4.843799691758202,17.97247308961242,159470.32772364924,28660.7617360496,2.4343051636152913,False
"Media Markt Canarias, Sociedad Anonima.",Electrodomèstics,3.4401559359790794,2.628392939296351,2.673188212789656,8.351457155284907,6.528003099348653,399024.154589372,26048.309178743963,,True
Optica Del Penedes Slu,Òptica,17.328584721019027,14.51406936824205,10.8993486700677,28.488284329347042,33.70167163987551,112516.24548736462,37919.85559566787,13.587329959724759,False
Action Retail Spain Sl.,No especialitzat,5.503730742736479,4.035253748446865,2.75283105111021,6.959522143194284,12.760492110396507,78688.44984802432,10041.033434650455,,True
Bimba Y Lola Sociedad Limitada.,Moda i tèxtil,3.3712909677156033,-1.9754295743030896,-2.6053358366325186,-2.363803563603597,10.376447219841367,540463.2352941176,56080.882352941175,0.28569077086133543,False
Christian Dior Española Slu,Moda i tèxtil,30.303220837197603,27.720577832969173,21.30876966848484,55.27759088221502,6.171306411808165,1146252.2522522523,70738.73873873874,40.1303416992651,False
Foot Locker Spain Sl,Esports,5.5179984520857355,3.0792437333164853,2.062042930928275,4.947980822073566,13.49765443603797,165518.954248366,22341.176470588234,,False
Forum Sport Sociedad Anonima,Esports,3.165810827944719,1.4470013947001394,0.7116140484341321,0.8843282847182558,14.54450361354127,178237.28813559323,25923.728813559323,3.7828715348477315,False
Luxury Goods Spain Sl,Moda i tèxtil,6.7736914733160045,4.988607554314688,5.6609223067295655,6.521377474629846,8.493790314816598,724674.4186046511,61552.32558139535,19.6138174176564,False
Merkal Calzados Sl,Calçat,-2.020767628191932,-4.40632745658314,-9.987730465501198,-27.783122594832328,22.295144064098025,141867.9906542056,31629.672897196262,6.603011269427617,False
Adolfo Dominguez Sa,Moda i tèxtil,3.3512649624753887,1.2620791353275063,-0.05437155543839126,-0.11337478956951937,25.62712646329508,153460.17699115045,39327.433628318584,21.860120465708132,False
Maisons Du Monde España Sl.,Mobles i llar,5.684106344493363,2.801098938602778,1.8403808743728884,7.6240633394599175,12.645472850755946,179211.00917431194,22662.079510703363,0.6516697452335407,False
Kiko Retail España Sl,Cosmètica i perfumeria,5.584845974241169,2.565526850945244,2.1475107328462752,4.523011639666078,21.15877080665813,91565.5172413793,19374.137931034482,23.4773907142225,False
